x,y,cluster
1.983376086671491,-3.6795079950243776,1
1.720887225668075,-1.4335142324725212,1
-3.5788669193938296,1.0821211596240499,2
2.0201417678995774,1.003748678555217,0
0.7448388294557047,0.9468413527259879,0
-0.3216522304774036,0.19440253703623991,0
1.5176306050107524,2.423546691903108,0
1.5235575503337198,-1.448983916616129,1
2.048488601020148,0.6605808805609408,0
-4.789034867791697,0.8999396409770862,2
0.8965442805500005,0.020698100578882574,0
-0.47105307990229517,0.4659514128867925,0
-2.0316562946045384,0.6823633319182023,2
1.799950347340579,-0.9715966197519942,1
0.4295861180505504,-0.8769614033260026,1
3.2323543716275247,1.20109609764541,0
0.6162289454778244,-1.8041501230801475,1
-0.13166012217430917,2.221018663403672,0
-2.963123976574788,-0.5681076636204206,2
1.5544475228855017,0.4915589611009075,0
1.5166578912164506,1.7517103476775249,0
1.8163579055204457,-1.3169069648624325,1
3.905344994784546,-1.7929152084015814,1
2.500229300554491,2.001495392153468,0
3.308147163653164,-0.37560971514512004,0
1.7454582589302192,1.1439643384050755,0
0.5016212336074187,-0.7101661654694308,1
1.8385335069589097,-0.7416597203198908,1
-0.23108908790293414,-0.23187657973565978,1
0.8171598594001297,-1.3502139470273926,1
-4.142967746442958,2.3110331448615034,2
2.4988704737835046,1.1741488205934705,0
-0.5795752165952015,-2.5059818140909815,1
1.402797813525704,-1.72742493001186,1
-0.2826637590798402,1.9969217322698387,0
3.714031746963162,-1.5715714689948606,1
0.546763113700337,-0.8521848708198171,1
0.08198299256599005,0.34154510374204705,0
2.143799683339313,2.015004444441063,0
-0.4560415006918915,-0.15291080649217337,1
-1.088095774968142,-4.065644342464908,1
0.02916237352749703,0.02017267274486694,0
-2.678549288532514,-6.117613185593773,1
-5.372114237458634,-3.297357628543833,2
0.1405546688178768,1.7631596710357171,0
0.2773033902840073,0.08139474215358755,0
-1.0606626504299235,-6.090000190964882,1
-2.9723193177479987,0.17009319745538554,2
-1.9802820815412712,3.2999242530694652,2
-0.834540724704569,-2.674547773998669,1
1.9082743965345064,0.02067546776786004,0
-3.069995162373008,-2.9449844702925145,2
0.17608420275946443,3.63013745989917,0
2.8168929568059955,0.5373692304427607,0
1.3115219331738917,0.02487062638490457,0
-1.9313512566537314,-0.27793335955657233,2
-2.5248267476549056,1.2757615941448641,2
-1.9223260063358,0.3633526810772408,2
2.036758413654776,2.104106817313938,0
-0.031519805243614876,1.4844230051895257,0
0.3708902740982601,1.9221093642342155,0
-1.9900181031629143,0.2021641620031486,2
-3.886185019245195,1.3684365966022891,2
-3.166683421803279,1.40085796751105,2
-1.6658048052002998,-3.032977943286474,1
3.176428791227041,-0.40584380659811553,0
-1.1878631755019027,1.6121192736719125,0
-0.5618774268463236,-0.04356154365474902,0
-0.1604402395000062,-0.12767831922935766,0
-2.3668753412554615,1.582889993477987,2
1.890483312411239,1.8394223829573393,0
-3.7261656988829652,-4.916206298744765,1
-0.2900892910849167,-2.7243202988493924,1
-0.0097012987444323,1.5747064632755932,0
0.4355458992278684,-0.6507505094168541,1
-0.2666901778746329,2.008460300874737,0
0.6427888966958044,1.944460088285186,0
-2.787417873681976,2.2283880018060973,2
2.911437274628166,-1.1523570701789108,1
3.154278563895136,-1.2644281420074523,1
0.4249141775488929,-0.7222681930997816,1
1.3841793248716572,2.3561305740445904,0
1.8597028643967328,0.7068732517110321,0
-1.6604831421962558,1.063744318479715,2
4.15924180027504,-1.4582330907800325,1
-0.7543522734819076,2.4991354239322066,0
-1.4474294244941255,-0.04999405933508926,2
1.241860458447451,0.6293111076103484,0
1.9114163083832627,1.3031257073553602,0
0.5463852511631548,0.3791062472298589,0
0.32231523370141896,1.778868864819097,0
-2.2169679478178783,0.7509159887633916,2
-3.250554430931004,1.4315887803514955,2
-0.1605213238222435,0.286250186438016,0
-0.11592204164856366,0.3114848767413658,0
-0.5479839316279547,-2.211712126358829,1
0.8511672132142962,0.8473903894759821,0
2.376970654034918,-0.4889553748685487,0
0.4180984190690887,0.6539992992878302,0
-0.9425974469202478,-4.090018379596771,1
3.3331475508857493,-1.8116230187763012,1
-1.134532052588264,-4.100345142779781,1
-3.7988744622357755,0.9717978799508739,2
1.3690492709549258,-2.151250340879009,1
0.7192588422153273,1.9396195309840445,0
-1.4784884873285036,-1.7452116266715525,1
0.6667629516097836,0.7167092065160607,0
0.1293968556313698,0.3741764303596309,0
1.4230122133031247,1.2162051046831015,0
3.729902867713715,-1.6091601414333123,1
-1.355395205309726,-4.538286723776341,1
-0.27377105295166804,-3.003897619359473,1
0.39406689038052745,-0.7324725052658397,1
-0.1719903370542669,0.4504950228721479,0
3.1505308214822376,-0.42839175584132294,0
0.6390759158883142,2.5340651201141275,0
-1.1520102381281663,-0.10500450080877936,2
0.15450192034263474,-2.036362265998791,1
-1.3215419555266212,0.16961939001584306,2
1.707207455528684,0.6082398661706399,0
-0.2719259270756097,2.1451581402669104,0
-0.2358766042985228,0.3679003028793072,0
0.8668713363565173,0.7088110754051306,0
1.6911848911373282,-1.2473691449826696,1
-0.7606121230763255,0.017914356345766692,0
0.1328774454637902,-0.9739130043241083,1
1.313418709951639,0.02578293530601288,0
-2.113081570434605,2.189076302307054,2
4.032018999269881,-1.6645503413816072,1
-0.0717767888763451,-2.228081297909892,1
1.2221865568777737,1.8948829962006375,0
2.393407328981798,2.4731506911871914,0
4.154032869824211,-1.5526675555084921,1
1.351177102568223,-1.8094104168142353,1
-0.5067638536037274,1.7557664280084813,0
0.43976137602190807,0.2804625944323406,0
-2.1276221067710077,0.5733477823006286,2
2.5413094591107193,1.963530389605156,0
0.3645478217389513,0.19054801476027472,0
-1.1698962957913936,-0.4386728258330769,1
0.674482412214987,-1.293345051723592,1
1.9250572940380395,1.1640467304041762,0
-0.678280099627667,-0.3942263241918107,1
-2.00095236083376,2.5433763989756626,2
2.2147254278582964,0.672713920446872,0
-0.09964112019616048,-2.455695552873394,1
-5.403014099564932,1.0199151406850135,2
0.14208516795920914,-1.7469236757511384,1
-0.09239133999828109,0.13980172496330318,0
-1.7337413435615756,1.0434409989660949,2
1.5979994566277889,-1.8901185756803933,1
0.13887464689552548,-1.4097401421833613,1
0.07854111637791188,1.6650515969813668,0
0.028465029397265883,0.21558357800058603,0
-1.8435033585407679,0.7958741207118588,2
2.144287245477314,0.7614195801012742,0
0.1269028302414922,-1.0448154472015179,1
-0.33821205589508335,-1.5107315913385089,1
-2.619987008873147,-1.272027369204856,2
-1.2791945752464529,-1.2125157560213087,1
3.220201535400282,2.156120669703724,0
-1.2003233378320712,1.537093381662092,0
1.5450752290684737,-1.0400875914616836,1
2.3533770341867744,1.3216425322840386,0
3.149927033634354,-1.8515808515216425,1
1.7228713599484218,0.10957391043241527,0
-2.9549773756609174,-0.5566081032468352,2
3.0811915507589744,-0.4538850686786336,0
-2.597371630682376,1.4505522890821316,2
-1.2823874845041856,-0.6830442152670866,1
-2.601751526942417,-5.640008883644332,1
0.07583678779047053,1.7830920743417413,0
-0.03300935517829283,1.5216808491985618,0
-4.947913081209634,2.5476440310052526,2
-0.934445456172177,-2.4108333620526547,1
-4.72926231170843,-3.8211067986892204,2
2.1241359980681667,-1.6167476249781276,1
-0.9237531677712698,-0.2506588931427243,1
0.9663363344433251,2.3761352860811438,0
-0.04706847507691807,-2.6387550341118717,1
-5.738086135764713,-2.9196506733047136,2
0.012294901732240538,0.021591592021338927,0
-0.013765995242444764,0.07014019911402034,0
-0.1839160593352264,3.084430563179397,0
-0.7924038799389669,-0.39517045076612445,1
2.522068716113283,1.188630216441216,0
0.9297104892534463,-0.6845113173104004,1
1.908734022858717,-0.5357405122992631,1
0.8436184340361023,2.4208002154965933,0
-1.9175091466597334,-4.394555357953414,1
3.235905374417463,1.347971376268799,0
-0.3325461591960813,0.48019010845918736,0
0.04129951190561406,-0.6921273503154617,1
1.141536203110823,2.3663786654658607,0
1.3496209395393017,-3.9378402124171057,1
1.0853313042784314,-0.862165872755898,1
1.200283975250413,2.3481717387699623,0
1.5714310837133512,0.9126720420373668,0
-0.048683628890044954,2.802375562914664,0
-6.718972310409854,-3.61292862893818,2
-0.2036663530356501,-0.40757940224655337,1
1.4460775101359877,2.313618664946475,0
-0.9334103116191859,-4.048726103663684,1
0.0427597205436765,0.07269256796332144,0
-5.099337079874026,-0.157322126184536,2
1.2306188838044894,1.8986335744989684,0
-0.22672965462211656,1.3709616441788588,0
-0.17428508763355285,-2.5756341606746296,1
-2.726371230970442,0.2952978389085272,2
-1.3220330165146676,-0.1432515881681886,2
1.9047972239186663,2.098199656235848,0
-2.629775307260703,1.4128697582266219,2
0.6863599623634292,-1.2971413348254597,1
1.2858861924859781,1.8484337100882058,0
-1.0164596251878038,-0.7262895996304732,1
-0.7549904820002276,0.1698889100746143,0
0.27925815361371753,0.37325536800862547,0
-2.8760498105309047,0.25207586784526453,2
-4.105303260702652,3.447415231845057,2
1.3528445676886434,2.269024828819831,0
1.9451461966876145,2.21136969347172,0
-2.1331243349090876,2.1701479075937806,2
3.279940975243812,2.0960340993577904,0
-0.2735722634224936,1.8245452034847942,0
3.764638211264499,-0.39869814640126383,0
2.6119836407908443,-2.9422793568717944,1
-0.0871985794370668,-0.22535005673588454,1
-0.3289171841985267,-1.7776974396502419,1
-2.1614801914140425,-4.171390691215231,1
1.1321807516454194,2.2944094400447814,0
-0.2175407263352577,0.020680633609703538,0
-3.1936142968106744,1.144399826851833,2
-0.8248319419830096,2.0907809133790876,0
-1.2362053387238583,-4.07356589089571,1
2.648678261077955,3.3681928132032266,0
1.5368320422647503,-1.4399939497419645,1
-0.1960503553274427,0.24094711657694773,0
-2.151933615505931,0.6752087682944443,2
1.253354592540188,1.2747736757207548,0
-1.7152767815130048,3.8480515419292542,2
0.243847261824449,-1.4462286702213294,1
0.712706813274707,0.2637140715993385,0
-0.07149784231250922,-1.9326331280530706,1
3.7618614513059017,-0.44837429773074666,0
3.5498576998704996,-1.4345104526225612,1
-5.70422887412838,1.006932625960477,2
-4.283681216148609,1.7487521416113447,2
0.7124709598649561,0.9906741394628855,0
1.2762630832190922,-1.9481157210060889,1
-0.7368702533764335,-2.1043064142140886,1
-3.3993489891591624,0.7032466355698024,2
1.528013532469522,1.0844583287937126,0
1.9686447779987009,2.128276352898629,0
0.3494371270053414,0.4816683835176836,0
0.5124506995883645,3.034388047604378,0
0.2237869303739369,0.14452660590045188,0
1.9326248025948605,-2.600191131714032,1
0.22071699573749431,0.5110741527971968,0
1.9276441936053144,2.1081043113857127,0
-3.2848034969106075,0.2917291411449464,2
-0.4127013838741133,0.3915439128719503,0
0.3691976849569251,-2.136256607245939,1
1.076347451183975,2.3718793087045316,0
-1.3956815283524746,-0.42160251726596737,2
1.9177594309464143,0.11232513493877132,0
-2.0587640535775793,0.4242313391789609,2
-3.473361679942875,0.9646743682228248,2
-4.468365484139637,-4.25906745943816,2
0.8126229913948417,2.873584660839428,0
0.6893270169331096,-1.728550178259467,1
-0.15413584555086116,-1.8694915911135628,1
-0.25186258647670035,-0.28947938354443037,1
0.9902560687547848,1.8439235466431263,0
0.32778541834045005,1.6047232372812268,0
0.4929712902188735,1.9916157600411157,0
-2.500180086976799,-4.33503340552314,1
1.9655749861763607,-1.1633417085351878,1
-1.1903682790516412,1.2633659874983556,2
-0.03771029054356367,2.992480946541906,0
0.39972156024570416,-1.2290116073205286,1
0.1815158581860509,2.7414126886904806,0
0.6128119747873437,1.775460925591486,0
-1.6129810691507516,2.072852382270252,2
0.14113808233429143,0.35033974971822773,0
-0.12814330870049068,-0.2566656162602297,1
0.9512541291795206,0.09551623528665737,0
3.2716774274115075,1.9973654974469437,0
-4.413432149570281,2.339804143135164,2
-0.178849802589824,3.1825372206708336,0
0.5060454665847678,2.961122260699728,0
2.3564374442281495,-0.6346724456783165,1
1.1709029708354983,-0.302191236482755,0
-0.6844643290514606,2.856522300125554,0
-1.8922254904285591,-2.801646731507176,1
-2.7281640980847928,0.4394036133797719,2
2.066330268045168,-3.6279169557897863,1
-1.6354423201092172,-5.879725585962648,1
-1.1467459038491512,0.3796420283640532,2
1.3645057121186073,2.326397768421649,0
0.02817906029585504,-1.041448498592189,1
1.2917548923642674,-0.8238759694996511,1
2.5411870134078405,-2.2870757490490545,1
-6.8966947100862965,2.1025374222173436,2
1.2314661652637835,1.8990103389300579,0
-4.6479495651091645,2.4049721002249886,2
-0.00732146270226529,1.4154123412112354,0
-0.5246927371147271,0.4011786012270138,0
-4.806926597022075,0.24258448435678096,2
1.6325381170843303,1.3170872297574325,0
-1.2091009425887675,-3.107403597365206,1
0.6605562171529263,-1.8777328309413375,1
-5.506011671305838,1.2202321686179605,2
1.7813353167892447,0.7847055947903208,0
-2.090089083811276,0.3738996785253613,2
-0.4877013098298106,2.5540538023218042,0
-1.5666037072374897,-2.8323540902822764,1
2.103542043378016,0.7405907298849679,0
0.597721198385786,5.017268820456057,0
1.2851683805266771,-1.318413920482494,1
-0.9493575039862714,-0.5527023634502682,1
1.6365210738168916,1.1369596474375283,0
-1.287591258175677,1.4231500238525363,2
0.867842722785479,-0.5008947258849036,1
-2.4645846246959877,-1.1759866642334618,2
-5.230914195511878,-4.5015473774328285,2
1.6216143368249818,-0.9789559942419123,1
-2.0751777987343223,0.3970256321501492,2
-0.2719495197635232,0.1329746143619402,0
-1.6456086416171785,-0.9752710406759626,2
-2.203489328422095,0.6008168586372525,2
0.44866729211497597,-2.6503964772167965,1
3.50913180342686,-3.4054958944518603,1
0.5350857781121967,-0.8991466861835097,1
-7.439036217956429,-2.567459617721015,2
-1.9443785923580381,-4.009290787424921,1
-0.2810627550895557,0.29741249957276583,0
1.8835585397033618,-3.594678192323804,1
-0.8872128329006594,2.052948087599605,0
1.4864864913728,4.768708967474693,0
0.2643566503267248,-0.75951066535886,1
0.22156253073323082,3.0627807902382433,0
-0.4981443988938411,-2.8260777224386064,1
-1.8323614579779453,-3.135549201744597,1
0.09270331428947835,1.7516397777452577,0
3.3553403389482126,-3.4559478933959826,1
3.3082023701520136,1.1047036650379947,0
-3.1525124034643968,-0.21889828046529664,2
-1.7889646226847973,3.4294321953964095,2
-2.3021367409165725,1.7167667375773645,2
1.7278024169890183,1.3570957694799914,0
-1.0718882926220101,-6.01165317270207,1
-4.083055459669232,0.3941060316606462,2
0.12148970436327665,0.09805345235598568,0
0.046441816545527356,-1.5471084458822915,1
-4.165112842171266,1.7897088656232363,2
-0.26669017787463256,2.008460300874736,0
1.1550841716782605,1.8870542750846389,0
0.23268306545861359,2.972259163739017,0
0.7113308368115973,-1.332926474587635,1
0.4551257615490404,0.004065480338947065,0
-2.7589797902773396,-0.5031288943247673,2
-2.9837258539919045,0.13011822648951452,2
1.4594764385552461,1.73894560876105,0
1.0368267293831654,3.066500148521492,0
1.383292013673905,0.003779937293812721,0
2.521123739747071,-0.6158629917090043,1
-1.687498048479218,0.7968225844615235,2
1.8467142064532593,-1.796793290964903,1
0.06996896564461144,0.4200345765979293,0
-0.8392358631600207,2.2552949295317837,0
1.789759837767145,0.3741705907053931,0
-1.2396748064457408,0.04290417147245001,2
1.9346456157878227,0.11003740001475164,0
-1.498504662567358,-5.944053981597258,1
0.08326675302052527,-0.99680619233468,1
0.31109678932272317,2.94711936072404,0
0.3247602362266326,-5.026605750866388,1
0.09756140651511656,-2.0922680184131783,1
0.18319344911481233,0.10908787986145507,0
-0.32584589053517476,-1.2993658870865226,1
3.9558464543562435,-1.4273598519034831,1
0.23119997518320332,-1.0123674105083504,1
0.5743189359527188,-1.901965073287205,1
1.9920723424169633,2.1970287078960773,0
0.43527721350275084,-1.4975341181630157,1
1.1201710145181876,-0.10880459091683128,0
-0.09514006211765379,0.25326226310064065,0
-0.037345729013931524,-0.12877205349803186,0
3.75337055544938,-0.40787308147045553,0
-3.294843551775317,1.3889405809413315,2
-0.3764415978555907,1.8216909493598454,0
-4.299452796621938,0.6788399111058052,2
1.4099331388693337,0.06656307390710328,0
0.5404549191635017,-1.6871444894591288,1
-3.392123434286109,1.092154810160883,2
1.408109888804961,2.497931901138014,0
1.4009884157252297,-0.05995287353945556,0
-1.2276969340750052,-1.6332314102255647,1
-1.3819972553376765,1.4032582864565948,2
2.6390577930055175,1.2110714807405756,0
1.727707875140637,-1.0274073244431596,1
1.3531762855940073,2.319721735967363,0
1.7869191034684273,0.641572113255348,0
-1.627012329217059,0.7195199983999818,2
4.050301861795819,-1.3641501485369154,1
0.3255938673620295,1.8700447814253829,0
1.9250669799192808,2.1222096894300426,0
1.1928119633259044,0.4193194608061861,0
-2.526329537496853,-5.7427466758074655,1
1.5461223310851655,1.117146082769912,0
0.5332293084178785,-0.6971921091249864,1
1.2937509811714214,0.578347214334203,0
2.18562558678305,-1.1973235828829005,1
0.24315471093953886,1.69946260522802,0
1.282648299499195,0.21499817389049858,0
-0.28984378528826693,0.30642919759246096,0
-0.7074742068145424,-5.156029347107451,1
-1.8064408417628612,2.503315040623415,2
-0.20128343862251372,-4.359969172958573,1
2.015877076875662,0.1520212589067456,0
-3.2321209177844668,1.021744384322316,2
0.4152978293711655,5.033761076288705,0
0.383013234698449,-1.0552297523817493,1
-2.2737399074038653,1.1667328159401746,2
-2.224276062802658,-1.948875681764443,2
0.15703149450284692,1.6079972953572101,0
0.8043849724936676,0.07141221841390416,0
-8.926287833102236,-1.539397554331386,2
-0.23658902446492566,0.47717565465608663,0
-3.474100544976173,0.337307651857566,2
1.1838521719691444,-1.6973668640417574,1
1.2810413888678582,-1.0056743477805707,1
1.0306940213749856,-1.131898501021012,1
-0.4705556046140908,-0.27530927821531126,1
3.9166573994833613,-1.5235284649000573,1
1.4855684472235349,1.7410603312321593,0
2.0099516897261527,2.089259131578731,0
0.8657744978215217,-2.2330391259153823,1
0.41350641306930597,0.809187522713326,0
-0.9870112430277372,-1.7071584702696236,1
2.352474963806919,-1.1547387691287607,1
1.4970211045622241,2.35669009875808,0
1.3316799824461345,0.43684503775225636,0
-3.619765148921598,2.1487929743877987,2
-3.104586240083106,1.9728956334991832,2
2.667206369021226,-0.09192124237081614,0
0.40868772471283527,1.7793767615339806,0
2.297066438242897,-0.6864757489423099,1
1.2421154361474087,2.30447195754647,0
-0.47715659868157856,0.40878986805806683,0
3.6501105760532657,-1.5990221509588922,1
-1.0074209690388045,-2.0325968082075825,1
-2.7056021434375306,0.5073678332413606,2
-1.879042830577541,0.44903763950390313,2
1.4610817330283348,-0.048194556417079204,0
1.6406445377840413,-0.998006337783814,1
1.174562033289765,-0.2427113871104921,0
-2.565169624926002,0.9266460356260854,2
0.2370266578047103,1.697894392386564,0
-3.463534676249357,1.1514816689985783,2
1.1425454731909492,1.1324278369240328,0
-0.9983982785728601,-0.9230620597940898,1
2.0253032494698493,-1.2120026570108435,1
2.172553082235495,4.558238288333578,0
1.2119703795980479,0.17245558513379983,0
2.717827381534094,0.09283824405315776,0
0.4329575883791022,1.7301387489463538,0
0.5253291845574938,0.19137454257427494,0
-2.7557518781495833,2.023346658976743,2
0.5850393029766388,-1.7744167648363138,1
-2.49014483114317,0.552440838492843,2
0.1200999624782777,4.770570301520314,0
2.6704716908880983,-0.0898931086609504,0
-2.507949396348863,-3.0583782250003595,1
1.5310889161225048,0.9957597208055128,0
3.007616386383571,-1.952166804047464,1
3.661909747463921,-1.6281198266110088,1
3.7090587867066676,-1.560707270428091,1
-0.17653200664471136,-1.6099723642968227,1
-6.086490258594295,1.4211040492225506,2
-6.940141340098951,2.4901209050019153,2
-1.7313210182899452,0.9086904795745824,2
-2.79469879960483,-3.2057369599180525,1
0.658431673414149,-2.153647574969701,1
1.138975993961315,0.32226317220477474,0
1.5998286824946517,1.1374517793245924,0
-1.8307589395583097,1.039350542642888,2
0.10685412880736779,1.8221405877465229,0
-4.034835768099563,0.36957704872661246,2
-0.08512043231537735,1.9051918153221366,0
0.7041655637267913,-1.3360706223784409,1
-1.9845845969802283,-2.7526137438370446,1
0.06709555631926796,-1.7796301539763297,1
1.0316049026767722,-0.7831184137304578,1
-7.290882496665427,-2.231740808206386,2
0.34365875942249013,3.400405032096505,0
0.43208874267208985,-1.019217442009037,1
-0.43965608388072036,1.9184540040405853,0
-1.372881992313898,-5.898072435379727,1
-1.9694551516449574,1.7764908322612627,2
1.1577200237884187,-1.0145760259699865,1
-2.092676960930734,0.3700130882026897,2
2.5485261869583704,1.2050959763737965,0
1.5025315988692098,1.1480926610355249,0
-2.8937902243472626,0.4282725118666805,2
2.801617508882493,-1.5264354415193162,1
1.1489274745013276,0.7238231237008831,0
0.0017327038440997065,0.2982516413443576,0
-3.7625311303680182,0.19684358092669946,2
0.9948780674029651,2.264125755545366,0
-0.14980851977354107,0.20535077750869543,0
-5.450037857578452,-0.7093534390102222,2
1.013403009893404,-1.938949897013234,1
-2.9345298522907024,0.08570546449959611,2
-6.129031762065721,-3.364318467275143,2
-0.6278874020967798,2.5162564437392776,0
1.2060453854830386,2.351948433161289,0
0.9766411457602429,-0.7357643377546572,1
0.25633359481602414,-2.6684166464732573,1
0.39634292320909087,-1.8254340806917013,1
0.03922140954421291,0.2684515748612304,0
2.0025608914662314,-0.5724031815666403,1
-1.9143178530943572,2.3652189096931426,2
3.715808960009754,-0.3356291257551586,0
-1.2437914533216419,-2.1845775035362687,1
1.4755563707052424,1.0501240172966873,0
1.6525400403473538,2.2071106508763836,0
-2.723473329598599,-0.18377351122766128,2
-0.372143967315017,0.18163076223414215,0
-0.03578653804857437,0.56632746723578,0
-1.7488877823687161,0.3632707477480127,2
0.6541320088564806,1.866788361574379,0
1.3098767016996244,1.1051934108319317,0
-1.8928512449033223,0.6827660144311641,2
1.8191937508454141,-1.3467556971656707,1
-0.40276942736665344,-2.453873790681618,1
2.125421940810156,-1.3902300631794688,1
-0.13672706263085743,1.521611871883221,0
-3.1941240813980967,1.1439554450355598,2
-0.2266763714264641,-0.08365743220618882,0
-0.35703194375821906,-2.593056782987081,1
-0.3122142132229393,-3.045082152148033,1
3.965596474696231,-1.4464827150814612,1
1.908626427309347,-1.6391141000066243,1
1.5102298914458598,-2.0945616223735906,1
0.10996305136082643,-4.9377013686992,1
-1.3060860130579826,2.5897114629624656,0
1.7754951150843703,-1.9624933727031604,1
-4.814686309542838,0.459688183843686,2
-2.106640080441644,2.195477065430329,2
-0.5042637900543002,1.759207832109839,0
-0.6365610151493165,-0.1637978281185194,1
2.189393739617999,0.6609321475480383,0
0.1258654595657198,1.4986154112792516,0
0.7907528486407984,-1.4685478662584568,1
2.027604998799283,1.1525492039025307,0
-2.4926324543166976,2.2312257828290147,2
-0.9960789790747833,-2.280419310890243,1
2.3365373912643137,1.690418168264496,0
1.4562819245489127,0.6179007671934845,0
0.289255376470812,-1.520395399729766,1
1.5861667459579696,1.1377512895790343,0
1.3530362246933874,-3.464973378790262,1
0.221801088239345,2.964123861887418,0
0.21790866746401397,2.29797154869431,0
-0.5307679060670742,1.3612045794445582,0
0.24375040272701157,-1.363308812164331,1
-2.2838789836013533,1.6116902678045626,2
3.174129542292107,-0.26662244125135626,0
4.008562257793581,-1.4004246438778378,1
3.3295760337374087,2.0322109000726787,0
-2.887437257194055,0.3515273257222118,2
0.6167463072716666,-1.6591969718721606,1
-5.2607332798074795,2.0035850184637907,2
2.0894768365519036,-1.759057282328011,1
-0.29642670231816337,1.0538589033363597,0
-0.15885470444886635,0.2884756437606942,0
-3.0492890098279832,-2.9595642165789604,2
2.3424048489669835,-1.5288391727494486,1
-0.34655289139159184,-0.052426184372262825,0
2.0877769012375023,1.0119034143160863,0
2.650733503035831,3.3681903797060486,0
-0.22369167309713317,0.34112107780399054,0
0.46314810198378836,0.21287002901716467,0
1.436316724760937,-0.552714704941063,1
0.3998430367764577,1.7874217186582697,0
-2.2616084471207447,-3.1977905154716786,1
2.033256541034683,2.444580294292543,0
-0.1704508266161716,-1.7509435658787416,1
1.9103455498682167,0.03790417661448769,0
0.8291354499211644,0.05813466684972771,0
-1.3220913823673113,2.4678538321790646,0
-0.1635158413301838,1.861573286340663,0
-0.06933321999146116,1.7522024471094568,0
2.498870473783505,1.1741488205934703,0
1.2639469263564236,1.2024624476013273,0
-4.527247342503025,3.065665662844531,2
1.0536608229359132,-0.4271427662775479,1
2.032705281962404,4.505894315640887,0
-4.163068771877246,3.390533014186028,2
1.8157939496343025,1.711717082439381,0
-2.0375928055643917,0.8512971673765045,2
-0.10723836070990014,1.9008188806790103,0
-0.789789443558206,3.267009734355236,0
2.417635592078099,-0.9638546637070352,1
1.6763194895843798,-0.06731850684201111,0
0.3969093379485579,0.027084680088520264,0
-6.813848455256616,-3.048459906703383,2
1.7475669155662727,2.44060603078725,0
1.008149458716036,2.762238934315404,0
0.6269460701564092,-2.018790763339075,1
-0.19164509151635806,-1.9096871082700064,1
-1.953645381555578,2.5958560822672676,2
0.36724061119616913,-1.6105840670449463,1
0.5543380017330788,1.881514958788292,0
-2.3381389397270804,1.937283831139108,2
1.6834495668051486,1.188130604004395,0
1.526763547781473,4.751989804670763,0
-7.565795713827559,2.3436269850916136,2
0.4407032851904622,5.03974108559839,0
-0.15217320254554048,-1.530002938631238,1
-2.012529223440239,1.6480239036534925,2
-5.162962402247485,2.205773540729768,2
3.4008144880802864,-3.439211733576592,1
2.277779404051329,0.5453067391688057,0
3.5952827336323736,-0.993097838414482,1
1.060572061327932,-0.6295733782154227,1
0.14998652890480177,1.8042361902318036,0
0.9954751350593027,1.2523827862030454,0
-1.210256323284093,2.0497601034883055,0
-0.4779245579990307,-1.2357841320734821,1
-5.0862378332355425,-3.4757768675078404,2
-2.606152223554641,1.5740113730392757,2
0.01707973515448181,0.7325929718258091,0
3.67865261741707,-0.29984213790290754,0
1.5685102236186774,1.1321518615470105,0
0.5943520728425776,1.6839310804701848,0
1.824496962449482,-1.4326318446901933,1
-0.7193255757035766,-0.5200783649854517,1
-1.8851376178622414,-0.07566574988344738,2
1.978321653122326,2.133405671079671,0
1.6665509292889762,4.667776594289719,0
-4.310198190958274,-3.3708238969939317,2
-2.131039211887681,0.7125089601663054,2
2.109515008848773,0.044054785323519745,0
3.195930036526917,-1.4231018681986547,1
2.401712663790089,-0.2747719825857833,0
0.5669850008758995,0.5726255153207712,0
1.9024213063471633,-3.562208201856889,1
-1.9022784659148404,0.30698568793339287,2
-2.5879938421086055,1.4468627132886809,2
-0.3526995608703114,-0.06832977642844965,0
1.8551058986040876,2.0461825876141284,0
-4.463294618643108,2.271219293090774,2
0.2844695043096373,-1.6563986113254963,1
1.6778236061312428,0.32322560042254206,0
3.2394040986164447,2.1662418786705504,0
3.24749551069185,-1.4767710725322425,1
-2.1762602457742526,0.4981477607961,2
1.2430715718896528,-1.9927863200743625,1
1.526785650757704,-3.6785345082689123,1
1.1999695333316884,2.8101051355787643,0
2.6361380269225223,0.9546166536237953,0
-2.4833283795684906,1.5544582326646,2
-1.625928865329291,0.8281520357683576,2
-0.13298613390752712,0.03407393487487618,0
-0.14033915702627228,-3.0566745292367177,1
-4.64829289409676,2.619546108705206,2
-4.4639600221058595,-4.555753066188088,2
-0.9652428294056034,-2.8060631625686354,1
1.2411959439236142,1.941807096308708,0
0.918363506134407,-0.34482958886245485,1
-4.313978584809025,0.7445600916078343,2
1.1838521719691426,-1.6973668640417574,1
-2.3314316722284123,0.18996388600014238,2
0.016689260352782006,-1.0685033642858492,1
1.5201519464682827,2.399786972679418,0
0.16731879033926692,-1.015626516490743,1
-4.105709962013718,-4.420858171026973,2
0.7613021988299415,-2.180849511920686,1
-0.243385500300775,-1.9241774223775303,1
-2.1801822498936296,0.6322383743102982,2
3.478750177443948,0.5067286609414793,0
0.29248734308137564,1.8910459889985716,0
2.096343548544959,2.1397295447671887,0
-2.7486441734896228,2.110692003722407,2
-3.8089448949243274,-1.4669486592754684,2
1.0270573309014894,-1.7505316685059191,1
-1.0452684617603487,-2.6823588634544127,1
2.397591645375324,-2.0268688677197075,1
4.381259892144114,-1.6200313644564137,1
1.9728896348168434,2.130510926670211,0
0.025179083255129638,1.750260129288539,0
-2.3760644196938285,0.17428793852838204,2
0.4628960346272697,-0.830890323809938,1
0.43958256946125024,-1.3114381744199939,1
-1.265651128560385,-0.619834222868301,1
2.6700698119372404,1.9617208247879239,0
0.2555239000393194,0.1914888049610799,0
0.18244379432075794,-1.301406543911427,1
-6.634325358708005,2.9188630897376022,2
0.5177562552905738,-2.1923502705967164,1
0.20429017243146771,2.382724781852519,0
0.7654888398429178,0.43456274925926397,0
0.0529318585136054,0.23569797852900595,0
-1.5592055778233522,-0.3078829470069285,2
0.40674798768861503,-0.8916607879860605,1
1.1679362286691393,2.2514115702099757,0
1.5970662099694888,2.217838066026832,0
1.4246338785607826,-1.2778042882700582,1
1.751212327845988,0.39182060744356,0
0.7511205156296757,2.452764359244406,0
-0.05491534080918086,0.2916538550282367,0
4.198514518224887,-1.6105846066073817,1
0.35300473751553296,-1.2721145725643321,1
0.6349718174919778,-2.2107962039173925,1
-1.0079488170632067,1.1850665195187602,0
0.025566261361617434,1.8776953891024373,0
-3.4731250785494656,1.5938655537973898,2
1.4652782878396353,-1.3000403557176006,1
0.7302486786243226,-1.462369524405739,1
0.6336073758487127,0.259881422921248,0
3.188780872541902,-0.24552890902475907,0
1.1419211058750902,1.8585950118236663,0
-1.3831124411871083,-2.813837932500568,1
0.007680474148563828,2.0181895625778377,0
2.2830224178901175,1.068158394044281,0
0.5761147990993242,1.9212276547496345,0
1.3335095881582049,-1.859126315321663,1
-3.366245552798475,1.65945295711292,2
1.3646716754537187,2.27308054106646,0
-1.3199362320100116,-1.1487826027780181,1
3.0871533390631005,0.649233558075462,0
1.6056399137176922,-1.912174284255098,1
1.5250271002212687,0.8189117310923427,0
2.0462103136646936,0.786523572770991,0
1.2477035928458244,1.9062318924510206,0
1.5666665386874412,1.0968932982423178,0
0.4123789934702719,1.8507140830939897,0
0.3781510888542728,0.37277811561584506,0
0.44619029053225473,-0.7468784515910563,1
-1.155335899670745,-3.029722177113825,1
0.056414550594399045,-1.459861276592976,1
1.7776601645906103,0.8169652622000603,0
-0.1135600314692293,-1.5037094464473761,1
1.379349076341385,-1.350563663114129,1
-1.019882655065984,-1.8836261346936518,1
0.0783952882095669,2.747255629967195,0
-9.280276536459262,-3.9001778183575,2
0.4887248225172929,1.9359952356381294,0
0.023449369121502413,-1.0632668256799875,1
-0.8700852975735756,-0.8311675770709687,1
1.3044393884200087,1.7004454019732755,0
-0.18018445263829716,0.44303368651490044,0
2.7658202458503696,4.453960960941327,0
-6.617358120987014,2.527444988477192,2
0.8355846348273404,-2.6268744695208537,1
1.0787089885746337,-0.7260704512369482,1
3.6563658755148563,-1.5948178574312426,1
-1.8101912389038046,-4.070631726422146,1
2.4866824857157077,1.1664793295210059,0
0.9580422052332018,1.1858168967487532,0
1.7237193303708693,2.1854472380535963,0
0.9989339291333523,-2.1061381796816425,1
0.42505428733856643,-1.680676316340133,1
-0.5289431585017633,-2.538048423485926,1
0.03127110733544642,0.21781707651381874,0
3.706193432180324,-1.449001886981555,1
0.24776675192574105,-1.2739680425542566,1
-1.5924063968982447,-1.668384474468943,1
1.9363163649377666,-0.39723879577261956,0
1.3959108265428717,-0.014443451884245437,0
-0.117634458239746,0.11830623509818959,0
-4.834699710178193,2.34213931381739,2
1.7912393321019535,0.15576063117323632,0
2.7460608608037735,-1.1922279898653316,1
0.10422381384046639,1.7613418054389116,0
0.17337759360838148,-1.7633886620289543,1
1.6456113449989735,-3.593686717098037,1
-0.10913930577722736,0.12537846569658356,0
0.01757023582081086,-0.1725886743470954,1
-0.14822759666803573,-4.889464157086509,1
-0.37385972014869456,0.28505201413806197,0
-3.249596331162285,0.7466891110797396,2
0.7238128368351375,3.4622745188451787,0
-3.120703609342853,1.3508198200686958,2
3.301327863968053,-0.3635562924760313,0
-0.10395174564254084,-1.4229513463096901,1
1.640820666648506,1.1332622740550777,0
1.8400178902924587,0.6118890086446186,0
1.403191886670722,1.1538557710155983,0
0.10263669303945949,0.30988082891208785,0
1.1841791861745208,0.7352562631476592,0
3.088474814814338,-1.3551947731272502,1
-11.39731644978417,4.4431363051712065,2
-10.032729774190544,-3.8382400809214325,2
-0.7221845557915859,-1.9188520162867244,1
-3.652566715255908,2.9358738537481583,2
1.5357850659603225,-1.1944233408104132,1
-1.941357036454486,-0.373172608860619,2
-2.158148695876273,0.7548960380514455,2
-2.7018792942523078,-6.061421993682769,1
1.7851974754216704,-1.5343961848710248,1
3.2622890988607933,2.085852028694642,0
0.27629661977098635,1.5621551011979569,0
-3.3117100986358325,-4.662858790273899,1
0.8910914246926885,-0.01858449612909333,0
-1.8720274276534843,-0.5799404844745213,2
-1.3006498426682673,-1.0677180598276175,1
-0.007735583961264723,-0.010557529152965418,0
1.28680983412429,-0.07173275950046627,0
1.3247116216678994,1.0074614721570687,0
0.5980960042706582,-1.0591343309383827,1
2.170063383661513,-0.16663382459397708,0
-0.034683833956506115,-0.18367696979169196,1
1.3249196331906037,1.2717429564217413,0
-0.23321390445387083,-1.546724902991208,1
1.4704026439267799,0.8723877416760496,0
1.1760066352430627,0.33248961097076396,0
2.0430795051541963,0.9868408116845473,0
0.3703545297876093,0.4987465172710444,0
-4.11502359403574,2.653908204741289,2
0.5156513791312926,1.7504178111449886,0
-3.3769385947604955,1.3099020749478365,2
-0.27782964480938205,-4.410405671876809,1
-0.9996503491806477,-2.5678281453986247,1
1.3078135987375374,2.3117153232144547,0
0.49281831895519534,0.3693680156529686,0
-1.4514860952150037,2.2387509287007448,2
-4.114420602111997,2.5231529025111517,2
0.9852893001302052,-2.2547613749280013,1
-0.7061852563574771,-2.2926571236748683,1
1.3682602675102864,-0.9671332098582744,1
0.638180155354843,2.0177177408052716,0
0.5031931914582193,-1.4488800468697458,1
0.42163208560558796,-1.9883134322981268,1
2.038346349249437,-0.8401046742306268,1
1.1114678925492854,-0.04291591853550348,0
1.7715147173774575,-0.17794384888719325,0
-3.3875284234796443,-3.0503915599012577,2
1.1117889579189728,-1.4236317572185138,1
0.33009290848388867,-0.6462664405152742,1
1.9413278679915664,2.169037962705926,0
1.83565676796386,-4.604805105382442,1
-0.04958224006973279,1.6570874560649016,0
0.7374089319625792,-2.028611935947079,1
-0.2905180235859143,-0.32776549980754305,1
0.9872250842957859,2.366753638910375,0
1.1944985970736706,1.7296249779933046,0
-2.2100269047428744,0.5923694323267038,2
-4.3672747762474335,2.358718173189508,2
0.9648599017328856,-4.723410302646272,1
-0.9429687367353228,-1.6334384647746891,1
-1.215969601754926,-0.7863221517172946,1
-0.8275553430210522,1.1831841454677998,0
1.0615920280670255,0.04336612418584613,0
1.2557107202131956,-1.3543798159991198,1
-1.8147986230080024,0.7073219003614314,2
0.39820784008949356,-1.2765579112773735,1
0.33301705639279566,-2.170483360249364,1
-1.7662730112971328,-0.6905195414582349,2
0.14617370383742193,-1.2522018773418413,1
0.1731922491023156,1.4853258016264381,0
0.410636093641423,2.6161860807137756,0
-0.2450863396633501,-0.003149307105296325,0
0.19465423198810858,2.9449100196619313,0
-3.0092447787708476,-5.45466062285395,1
0.3651073660731988,-2.201335488653705,1
-0.0008712449848029642,0.11662422418537599,0
0.24083472643182247,-1.1222000766216416,1
-2.667530518095641,1.3430180404889842,2
-0.37848114355493356,1.9421880395224855,0
1.5041084148770343,-0.9105671801480839,1
-1.8893128582814038,0.979318676950649,2
-3.2845863271133973,-0.3724304941650206,2
3.5136356541621674,0.5438711553437533,0
-4.660903415556581,2.468255927577039,2
-0.13045448184671188,1.8962643342606815,0
1.0267347203934165,-0.695115137142375,1
2.176265254389152,2.0043131055236247,0
0.8868202929688787,-0.8952796333499083,1
-0.2240398124771845,0.03367778885473515,0
0.6535861286809559,-1.9975871812249362,1
0.14914087188866307,-1.309164383446345,1
-3.103613898402265,0.5325419648489947,2
-1.120576388158372,-4.03744571492566,1
-2.059097079971374,2.486674226313129,2
-4.028127561492066,-4.441529275893926,2
-1.8865719001004169,0.8591596550454347,2
1.7842315949410326,-0.3642270455229913,0
-0.08256308024689955,0.1286380888696899,0
-0.22909722777775463,-1.378373990203243,1
0.5050443254522261,-0.9012502464980656,1
0.7497246035956794,-1.1576579557628779,1
3.4870196957809463,-2.4856789959644487,1
2.2556109102723303,-1.0431275626523775,1
4.118040768927751,-1.6495036341754037,1
-0.6480491124499625,-6.6285534055654285,1
1.0423839300740834,1.740522727052479,0
0.2598088029901317,0.7023585472955851,0
-0.6420134651876037,-2.2076906962527167,1
-3.14217792962627,1.1923981545060298,2
0.374019026807058,-0.6614098173826549,1
0.6682198115026122,-1.1381388052372954,1
-3.2259353258037584,1.3352883635418478,2
1.9797244070748088,0.1979794906950039,0
1.5652597438668319,1.9312596679412792,0
0.927508297345099,2.633147361558363,0
1.5906774332270333,-1.9693227932436934,1
3.1544857380942,-0.7747287360545456,1
0.33161158523786755,-0.6019292356372292,1
-0.4638785864558208,-1.534136287956889,1
-3.4553251434348993,0.5499828572301629,2
2.3631090903026237,-1.3501077683029339,1
-1.6581875515319702,-0.7252134681153777,2
-4.325089407063247,2.1181424782253395,2
-1.3937519265532894,-3.1114379308107556,1
2.0773802068687774,-1.2871549055577802,1
0.8510202425247794,1.8714860978294288,0
0.42699386649499516,-1.0215110264327623,1
2.4988704737835032,1.174148820593471,0
1.1310682465449295,0.6891341452870318,0
-1.6563507349940347,1.6995667416227729,2
1.9344110026291976,1.3158087395701032,0
-1.2946816213278023,-0.23066477913807557,2
-1.1638786279074345,1.0358625294513264,2
0.01950502179916114,0.2630380437552543,0
-0.8226892427230912,-0.4905773560407311,1
1.4218484144223895,1.1624328960445665,0
0.48352749540900375,-0.8667016094041494,1
3.306273702128076,2.019192960668324,0
1.0371705532528195,0.5438972278132677,0
2.0428980945045647,0.9867365460445154,0
-0.7452501183212258,2.8082091640510445,0
0.7143224194807898,-1.6812977863878265,1
1.1269923628780383,0.31875273976273905,0
0.1774977748653368,-0.27065842380853544,1
-2.7818712285947336,-0.02224043654827509,2
2.162336111006337,-2.9230169451789663,1
0.4280023550030249,-1.2490913598240039,1
-2.4417474541103625,-0.825733280001971,2
-2.03112218256327,0.5402189500243998,2
1.24322094334642,1.4077515630745132,0
-0.044494120099721014,-1.3773076243897744,1
1.8845669408788939,-0.487253893043825,1
1.3997938601141602,1.4318469006507046,0
1.5149468422982295,-1.0737705684261232,1
0.06220988202668098,1.7664230485539922,0
-2.7306330131516248,-2.8927785945203093,2
-0.4155029806272757,-0.19562430220570023,1
0.21526838043059976,1.5510421852012768,0
2.362279620193289,1.0050462433067882,0
2.5271619008976978,0.024882372296167528,0
-9.3048347932535,-1.4887657743715639,2
0.4815677725474534,-0.7223707083272285,1
-0.03286914310072419,0.32520360986349967,0
1.2438639415222554,0.7452181781625513,0
-2.416389414096459,-0.8535902311459641,2
0.4565708045122591,-2.3033209653222912,1
0.027272335345481392,-0.9981738169596022,1
0.4546541623698553,-1.5668000307995449,1
1.0846093086890212,2.3062233082048658,0
-0.3562634253383586,-4.61948461651341,1
-0.3142843273938718,-0.2714204626944658,1
1.7062426893258025,0.7660789577187737,0
0.5963413747275053,-1.9554161355818322,1
1.5503897445805013,3.1688446198378784,0
-0.7211243203374941,0.18753018105580044,0
-0.16315590166548416,-0.15871761460872824,1
0.9587672983745882,1.7263847339836016,0
2.7045989609013654,-0.6146961599563593,1
-0.2408422771325599,0.21739430044175595,0
-2.472957599688364,1.439029916061947,2
-1.0462173761934843,0.0581785233019258,2
-2.035991632896256,2.3372895888472187,2
3.0233537405384627,0.7236290198061512,0
1.1521270209241572,1.03503977001511,0
1.41500732453575,1.1244418767299664,0
0.5733120610273932,-1.4047936402514734,1
-2.557033829995684,1.4763675619044871,2
1.6199030690682954,2.2068726433101777,0
-0.8399766665624437,-1.8108555841845457,1
-0.46028952115555205,2.7329309753157403,0
0.34489536621641836,-1.0765584482218054,1
1.6816265022103634,0.23325424131948835,0
1.8256429532388705,-0.3189323050102608,0
4.39836458715825,-1.6068383748290287,1
0.7078902786260728,-1.4728124977110035,1
-3.879605727846574,3.0904766453653107,2
-4.730570235910902,2.2393802452702474,2
-1.9912289405852568,2.394789100337587,2
2.2347454211155484,0.7429212244019637,0
3.6558888563308116,-1.519059756555137,1
0.8705551006359481,-0.991082571874802,1
0.5221879233428793,-2.1398872131210487,1
0.48931706889552995,2.3042353150091355,0
3.735645787294522,-1.566155768817989,1
1.9643065216466247,1.3324774944020905,0
0.9861462971483866,-1.1289232309151542,1
0.8276101255252661,-0.3619275061424644,1
0.10737247176134387,-0.20480824101515807,1
-4.538790899059563,0.07838197167760741,2
0.3625305270664422,1.5621061702931989,0
0.6994639763891046,2.5261720627034676,0
1.66759771063497,-1.0395025824671251,1
0.2769678770044318,1.780113812617758,0
-0.01685832554774025,1.6840177278903072,0
1.6167225491229356,4.707596831999532,0
0.11043021884535122,1.6711651948641115,0
-6.1651133107670075,-4.873683959791937,2
0.4338117041832156,2.021402564333579,0
-0.7188833482312189,-4.1574420129762,1
0.8302765866671339,-1.5563283739771399,1
0.2424973332262701,0.7851391274912864,0
0.2436204222170043,-2.6092193451414785,1
-4.5712676102196745,-3.9047597338244047,2
0.4136783518305369,-0.8277012308628103,1
0.6260486970564324,1.9262917300556575,0
3.2336208570252145,2.1630951305065387,0
0.22595898548536797,1.8348822103750841,0
0.20587068631401706,-1.2681909137721747,1
-0.13264896041192833,-0.2612635357451141,1
-1.6197998547639836,1.4493408953727627,2
3.2570762449275827,2.0827752047725596,0
3.163010063797266,1.6844266470311002,0
3.2829608153084893,-0.3748643576303349,0
0.050134808093343995,1.75187711260607,0
-1.9170004014564235,-1.8387165811692219,1
-0.062162435515544213,-1.086189872150931,1
1.4100281327824382,2.7298122275648677,0
2.086629191633423,-1.9126613970535853,1
0.5346576403776525,0.2894421871853519,0
2.5245195176226916,1.3400252910885568,0
-1.9757830898000044,0.4923687753933222,2
-2.904694539133635,-0.13464333659870192,2
0.5415342066272469,0.490246273496551,0
-6.604361087106891,2.2750701627481216,2
-4.4588718938867835,-0.8412334266547671,2
1.5423584437142126,1.927933563027993,0
-0.01681628620890682,0.061559126700602554,0
1.9814615207969744,1.8528858356566336,0
2.205804674356532,-1.0784936030222998,1
0.6979854073605684,1.6814092226983437,0
-2.7823107170544286,0.34751599329318605,2
1.3032456717729837,-0.9872499950999207,1
0.695154397754229,0.04690577085456115,0
3.5438707802675777,-1.439339631434756,1
1.278143438777962,1.8451664597766984,0
0.31169500711184855,-1.198250292625446,1
-4.242981684413498,-4.481561939806124,2
3.12846983976839,-1.2022838408269614,1
2.8466565053904733,-1.5130221522257656,1
2.4914156911688528,-0.054584717950685605,0
3.749215055875782,-0.4108402126777441,0
0.817503339082943,-1.6465571175498812,1
2.292204612686956,0.24088879994185158,0
-2.078820659412952,4.16200239038777,2
1.4968848521434832,2.2408198491699287,0
2.4224981785473214,-2.482062603881676,1
-0.873703080466723,-4.142454490598836,1
0.8909918816099383,-1.1949286527055123,1
-2.1706985089293602,0.19409104292214932,2
-7.6991801081224445,-1.6415254051828143,2
2.233725693424724,-0.3659301618300526,0
-2.1578736057778314,0.327132098494317,2
-3.339099903413273,1.8065779083504714,2
-2.0879980831570824,0.2251009893636917,2
-1.9962203179595726,-0.9465160391425086,2
0.15761945314340522,2.012815560102413,0
1.9032255339274942,2.09756475641839,0
-1.2242756588119517,0.0003964646325872622,2
0.26254271104295895,-1.7085232472057275,1
3.574022841882824,-1.4156698349979526,1
-0.6068545082192959,-2.532423844536619,1
-0.2633716559835217,-0.22728374078066946,1
-5.51241501457044,-3.2041267647029126,2
-2.5846851790378085,1.802093769946984,2
0.49514530980796545,0.3438505517718309,0
1.1670426335121171,-2.083650342165805,1
-0.6350050619126448,-2.6356664734847373,1
-4.621313710658291,2.1212848784890115,2
0.5370318964399199,-1.7670090232658326,1
-0.5156001991983125,0.41189678908909055,0
1.3123284980009364,1.3850046380642613,0
1.0175063835616496,0.5853029829948163,0
-3.294869598197194,-2.282680955176813,2
2.775005101927214,1.0088962789759675,0
0.8366600432235834,0.09018517557483896,0
0.21596127790549388,0.03252140793888488,0
-2.7275694968972575,-1.9867832505942764,2
4.3543886803279435,-1.5997498261720102,1
0.9414244172916146,1.1109162715525673,0
0.7301298909863118,2.9201370519097805,0
2.3470596428017805,-1.4266720105715138,1
1.2718400458402421,-1.30293944164889,1
2.2206313484968865,0.3125389909671036,0
0.22475211767850528,-0.6814508608835752,1
-6.757678105427561,2.3724968400022957,2
-0.7873152943258488,-1.4608515489358165,1
-0.018058659647002467,-1.165729314357825,1
3.382810254368509,1.9714336956997132,0
1.5292393054608406,-3.8929965687642367,1
-1.8679320006889415,0.4668229099694841,2
-1.750073676220002,0.3598622782636436,2
3.2940595907623162,-3.4813093142815927,1
3.317081722125896,-2.3342169780952267,1
3.2258667613890237,0.6873984037196208,0
2.9858784671539413,-0.24828580935118366,0
1.4418213424268265,1.0649000797905408,0
-1.4126891139995883,-0.7466814137672897,2
0.07476810341314309,-0.9602939303818793,1
1.6826461836387994,-1.96008843591055,1
3.2707264434777357,-0.2863803697952277,0
2.5422529630683846,1.1267336422348901,0
2.641530910997998,1.0048872833373856,0
-0.4745743399536059,-0.247012499704196,1
1.233587545229219,2.788283362521533,0
-1.4002602197410718,0.2900351136948473,2
-2.385400537513807,1.6205903041988272,2
0.9691946737074141,0.7426292270374795,0
0.6112372772039832,0.2660014013548341,0
0.36723276993600973,-2.4101282723784236,1
3.161292128692842,0.21497171104274088,0
-0.08532977185542558,0.39414568351402907,0
-0.7639260871472966,1.5355988166266161,0
-3.5156479028833507,1.1189983028135622,2
0.12836297982550682,-1.154877037870621,1
-3.2282964921600867,3.489958615906807,2
3.286581768422529,2.0071742081649377,0
1.0088054960998605,-0.7096120144954615,1
0.047982577900033144,-1.8059770047829273,1
0.1168148661289966,0.476771451288372,0
0.5512546187581748,1.834937798680052,0
1.8197388526406986,1.2600021625715758,0
2.1915738924046093,-1.4171441970074754,1
1.6325180255381233,1.1338947223399742,0
3.5360033139241476,0.5840828073721559,0
0.7181266267471197,5.110488457330536,0
2.526974766750944,1.117450665161943,0
-0.9392233410667445,2.8969808102252763,0
1.2040869949238435,1.056083577735248,0
1.2549542928061213,-0.3073625460305062,0
-4.497180735560467,0.14699239428339023,2
-1.706669169412277,-0.8246212612422358,2
1.149703136739211,2.7581529003018748,0
0.6291215571574833,-0.12803192983910253,0
2.4625822221162608,1.1511038969529555,0
0.5349038432064719,-1.8785421338379473,1
0.452802675184841,-2.113645626967279,1
1.0309163146191134,2.359934930834464,0
1.3780580824891635,0.454109146330954,0
0.8263188306255755,-0.7734439640802889,1
3.0360193356961562,-0.3037318772706735,0
0.5287041142602406,2.7201594011013186,0
-1.3201170701959977,-6.979398011614007,1
-2.128754437438228,0.6846510096361866,2
0.5659784126739281,-2.101972755140695,1
0.18045948460517963,-0.9988048903293424,1
-1.8714804944364647,0.4610753146543545,2
-1.7783098907202877,3.4645457550964553,2
-0.8131187496877456,-4.155835797959351,1
-2.4069276009269744,-0.9533291117979109,2
0.4995307560111608,-1.302773338600304,1
0.058632105420106675,1.6785686399665045,0
2.355190801115626,-0.17505214059331323,0
0.4111485802227513,-1.4009642305026258,1
-0.5400706865981059,-0.641726633574473,1
0.4993508356269848,-0.9683063002558454,1
-3.9951352715299207,2.120457731070807,2
0.1518738522289286,0.41477827285283103,0
1.0025192088320785,0.9102432337868686,0
-0.3762750004876797,4.93015023248562,0
1.018073690678426,-1.9270050429314687,1
-1.932204468343886,0.7601007952404876,2
2.342040138026769,2.1946577195542316,0
3.14306802633967,2.0821752435799943,0
0.7190585746911197,1.7718715839256751,0
2.0306891434425522,1.2182966735326282,0
-2.872942234213316,0.41069757187565004,2
-1.591732830314023,1.1367486116758927,2
3.3434248251286136,1.1273772500989592,0
-2.9092447378736908,0.3930612990992001,2
0.004463031571279767,0.1743609225091966,0
-0.040477960027467175,0.5589899306004749,0
0.4970067432529518,-1.4489370238129244,1
-4.416667274225879,-4.358305645025645,2
3.1084688061885672,-0.4214976754856513,0
-1.1294275583365014,-2.437233954783287,1
-0.7651657491909711,0.2988507166262363,0
0.9320216397186797,-0.9446831123289228,1
-3.1809075346243367,0.9001000194861679,2
1.4641962894845124,0.7581210061478738,0
-0.13767025122959425,-1.9084415232638732,1
-1.0887003102294444,-2.807445053974729,1
1.2066461911841915,-2.1382327569570445,1
3.238312499373388,2.1656423961298232,0
-0.6868332573100676,-2.6413570462135674,1
0.8384057556855352,1.122005845625327,0
1.8998220825883827,1.214300896580719,0
0.9540781146121838,1.8230676223879356,0
2.2029589310265596,0.6673138197760514,0
3.4908148471944527,-0.35287131117930437,0
-2.953122610071128,-0.2795686094793016,2
-0.03589768994865442,-2.251170290553745,1
0.19425326909704907,-1.0447566127148336,1
2.3313645650736596,-1.3463156202928042,1
0.5063650647685036,0.1338302520049839,0
1.973798510490488,-3.5195705359993656,1
1.6279525350684312,1.1604554747570592,0
2.674985402900502,1.1269286668838456,0
3.4360694437839037,4.044847564066154,0
2.833723719027719,-0.23037272966436428,0
0.4040239536058319,-0.7251523229062367,1
-0.11558737975353346,1.8870138368842897,0
3.3806099232440427,-0.22543114504430592,0
-1.4360302156763953,-2.281035421422797,1
1.5337977119826143,1.8420238553080233,0
1.9343781368009523,1.0984512143111238,0
1.4192032962594154,1.8302857553337708,0
-0.7992239081500174,2.178513877693288,0
-0.7809858156914711,2.8267736293856487,0
-0.8154827799569944,-0.48379269442900313,1
1.0038223985080321,2.1829748427292484,0
0.949946191798735,4.642617605400501,0
0.20345086901252332,-0.23591801332129775,1
-0.8263738297392127,-5.00734019871826,1
0.8559317999942186,0.10094219713031803,0
-2.463562734303743,-5.626036511915577,1
1.4531188819166545,1.0702729497734862,0
-0.14767499290187133,-1.2945467705466815,1
-2.671166456772734,0.11507985147884772,2
0.19841016992916105,1.8129948333276888,0
-3.5997057908077705,2.130704761556485,2
0.7414758632998663,2.412058771503295,0
0.4909391324821295,2.9592574043350086,0
-0.6396986992653311,5.295633937816962,0
-4.397447224824506,-4.087388890169182,2
-2.115354457457588,0.09485232314052623,2
1.4508504599892929,-3.0061716085036863,1
-3.635184132685778,0.9458136510045057,2
0.35636999296838723,0.4056170418116462,0
0.9948780674029651,2.264125755545365,0
-5.271921057794041,-4.039014710014667,2
-4.392635117528453,2.214082331635793,2
-0.08892530351461303,0.1326289695952997,0
1.521340074621369,-1.2643794638445016,1
-0.6997408558299912,-0.1370482359977394,1
1.772458349944683,0.13887742099417866,0
-2.4723238530376435,-4.369762368054892,1
-4.625921388265399,2.2488413284817264,2
-3.73290682091869,1.1884509007304414,2
3.752849518562711,-1.6364219143899297,1
0.9329098967537859,0.07745902652829847,0
-2.291738174102605,0.7681294431963105,2
0.8323825427534787,-1.6061905653062445,1
1.140422177268459,2.2350330856690688,0
-0.5814811122063396,-1.1800260471988644,1
0.9698406488245055,-1.437398678510725,1
-1.4797121476783135,-0.5677875692580019,2
-7.976173211611723,-4.964794540485134,2
1.6475738393929675,-2.294242637188711,1
-0.1628282307241631,1.6867597824382017,0
0.8944363909478682,-0.8463168973543821,1
0.3181738369971933,-4.487739469454371,1
1.317827731413119,1.2526151650393802,0
0.7628038514357334,-1.1703437018572977,1
1.4627604489879205,0.9022974351352635,0
-1.0301258520693997,-2.513321266660281,1
-1.334666974659664,-0.2962914957927443,2
-1.434483953649679,-0.05383173326563921,2
0.09848101838052303,-3.112885495427189,1
2.1578419306349566,2.0235212116029544,0
-3.3633440167747755,-4.814229656000366,1
0.594580998896739,-1.4957148094671557,1
-7.1039336837518245,2.8835884170134944,2
